sample_id,source_file,source_group,class_id,class_name,split,sample_rate,channels,duration,num_samples,start_sample,end_sample
target_word_00000.wav,dataset/raw/target_word/shrini012_target_word_raw.wav,shrini012,0,target_word,train,16000,1,1.0,16000,0,16000
target_word_00001.wav,dataset/raw/target_word/shrini013_target_word_raw.wav,shrini013,0,target_word,train,16000,1,1.0,16000,0,16000
target_word_00002.wav,dataset/raw/target_word/shrini009_target_word_raw.wav,shrini009,0,target_word,train,16000,1,1.0,16000,0,16000
target_word_00003.wav,dataset/raw/target_word/shrini010_target_word_raw.wav,shrini010,0,target_word,train,16000,1,1.0,16000,0,16000
target_word_00004.wav,dataset/raw/target_word/shrini008_target_word_raw.wav,shrini008,0,target_word,train,16000,1,1.0,16000,0,16000
target_word_00005.wav,dataset/raw/target_word/shrini011_target_word_raw.wav,shrini011,0,target_word,test,16000,1,1.0,16000,0,16000
target_word_00006.wav,dataset/raw/target_word/shrini040_target_word_raw.wav,shrini040,0,target_word,validation,16000,1,1.0,16000,0,16000
target_word_00007.wav,dataset/raw/target_word/shrini017_target_word_raw.wav,shrini017,0,target_word,train,16000,1,1.0,16000,0,16000
target_word_00008.wav,dataset/raw/target_word/shrini016_target_word_raw.wav,shrini016,0,target_word,test,16000,1,1.0,16000,0,16000
target_word_00009.wav,dataset/raw/target_word/shrini015_target_word_raw.wav,shrini015,0,target_word,train,16000,1,1.0,16000,0,16000
target_word_00010.wav,dataset/raw/target_word/shrini014_target_word_raw.wav,shrini014,0,target_word,train,16000,1,1.0,16000,0,16000
target_word_00011.wav,dataset/raw/target_word/shrini019_target_word_raw.wav,shrini019,0,target_word,validation,16000,1,1.0,16000,0,16000
target_word_00012.wav,dataset/raw/target_word/shrini001_target_word_raw.wav,shrini001,0,target_word,validation,16000,1,1.0,16000,0,16000
target_word_00013.wav,dataset/raw/target_word/shrini018_target_word_raw.wav,shrini018,0,target_word,train,16000,1,1.0,16000,0,16000
target_word_00014.wav,dataset/raw/target_word/shrini002_target_word_raw.wav,shrini002,0,target_word,train,16000,1,1.0,16000,0,16000
target_word_00015.wav,dataset/raw/target_word/shrini003_target_word_raw.wav,shrini003,0,target_word,test,16000,1,1.0,16000,0,16000
target_word_00016.wav,dataset/raw/target_word/shrini005_target_word_raw.wav,shrini005,0,target_word,train,16000,1,1.0,16000,0,16000
target_word_00017.wav,dataset/raw/target_word/shrini004_target_word_raw.wav,shrini004,0,target_word,train,16000,1,1.0,16000,0,16000
target_word_00018.wav,dataset/raw/target_word/shrini007_target_word_raw.wav,shrini007,0,target_word,train,16000,1,1.0,16000,0,16000
target_word_00019.wav,dataset/raw/target_word/shrini006_target_word_raw.wav,shrini006,0,target_word,train,16000,1,1.0,16000,0,16000
target_word_00020.wav,dataset/raw/target_word/shrini036_target_word_raw.wav,shrini036,0,target_word,validation,16000,1,1.0,16000,0,16000
target_word_00021.wav,dataset/raw/target_word/shrini037_target_word_raw.wav,shrini037,0,target_word,train,16000,1,1.0,16000,0,16000
target_word_00022.wav,dataset/raw/target_word/shrini034_target_word_raw.wav,shrini034,0,target_word,train,16000,1,1.0,16000,0,16000
target_word_00023.wav,dataset/raw/target_word/shrini035_target_word_raw.wav,shrini035,0,target_word,train,16000,1,1.0,16000,0,16000
target_word_00024.wav,dataset/raw/target_word/shrini033_target_word_raw.wav,shrini033,0,target_word,validation,16000,1,1.0,16000,0,16000
target_word_00025.wav,dataset/raw/target_word/shrini032_target_word_raw.wav,shrini032,0,target_word,train,16000,1,1.0,16000,0,16000
target_word_00026.wav,dataset/raw/target_word/shrini031_target_word_raw.wav,shrini031,0,target_word,train,16000,1,1.0,16000,0,16000
target_word_00027.wav,dataset/raw/target_word/target_words_raw.wav,target_chunk000,0,target_word,train,16000,1,1.0,16000,0,16000
target_word_00028.wav,dataset/raw/target_word/target_words_raw.wav,target_chunk001,0,target_word,train,16000,1,1.0,16000,16000,32000
target_word_00029.wav,dataset/raw/target_word/target_words_raw.wav,target_chunk002,0,target_word,train,16000,1,1.0,16000,32000,48000
target_word_00030.wav,dataset/raw/target_word/target_words_raw.wav,target_chunk003,0,target_word,train,16000,1,1.0,16000,48000,64000
target_word_00031.wav,dataset/raw/target_word/target_words_raw.wav,target_chunk004,0,target_word,train,16000,1,1.0,16000,64000,80000
target_word_00032.wav,dataset/raw/target_word/target_words_raw.wav,target_chunk005,0,target_word,train,16000,1,1.0,16000,80000,96000
target_word_00033.wav,dataset/raw/target_word/target_words_raw.wav,target_chunk006,0,target_word,train,16000,1,1.0,16000,96000,112000
target_word_00034.wav,dataset/raw/target_word/target_words_raw.wav,target_chunk007,0,target_word,train,16000,1,1.0,16000,112000,128000
target_word_00035.wav,dataset/raw/target_word/target_words_raw.wav,target_chunk008,0,target_word,test,16000,1,1.0,16000,128000,144000
target_word_00036.wav,dataset/raw/target_word/target_words_raw.wav,target_chunk009,0,target_word,validation,16000,1,1.0,16000,144000,160000
target_word_00037.wav,dataset/raw/target_word/target_words_raw.wav,target_chunk010,0,target_word,validation,16000,1,1.0,16000,160000,176000
target_word_00038.wav,dataset/raw/target_word/target_words_raw.wav,target_chunk011,0,target_word,train,16000,1,1.0,16000,176000,192000
target_word_00039.wav,dataset/raw/target_word/target_words_raw.wav,target_chunk012,0,target_word,test,16000,1,1.0,16000,192000,208000
target_word_00040.wav,dataset/raw/target_word/target_words_raw.wav,target_chunk013,0,target_word,train,16000,1,1.0,16000,208000,224000
target_word_00041.wav,dataset/raw/target_word/target_words_raw.wav,target_chunk014,0,target_word,validation,16000,1,1.0,16000,224000,240000
target_word_00042.wav,dataset/raw/target_word/target_words_raw.wav,target_chunk015,0,target_word,train,16000,1,1.0,16000,240000,256000
target_word_00043.wav,dataset/raw/target_word/target_words_raw.wav,target_chunk016,0,target_word,train,16000,1,1.0,16000,256000,272000
target_word_00044.wav,dataset/raw/target_word/target_words_raw.wav,target_chunk017,0,target_word,test,16000,1,1.0,16000,272000,288000
target_word_00045.wav,dataset/raw/target_word/target_words_raw.wav,target_chunk018,0,target_word,test,16000,1,1.0,16000,288000,304000
target_word_00046.wav,dataset/raw/target_word/target_words_raw.wav,target_chunk019,0,target_word,validation,16000,1,1.0,16000,304000,320000
target_word_00047.wav,dataset/raw/target_word/target_words_raw.wav,target_chunk020,0,target_word,train,16000,1,1.0,16000,320000,336000
target_word_00048.wav,dataset/raw/target_word/target_words_raw.wav,target_chunk021,0,target_word,train,16000,1,1.0,16000,336000,352000
target_word_00049.wav,dataset/raw/target_word/target_words_raw.wav,target_chunk022,0,target_word,train,16000,1,1.0,16000,352000,368000
target_word_00050.wav,dataset/raw/target_word/target_words_raw.wav,target_chunk023,0,target_word,validation,16000,1,1.0,16000,368000,384000
target_word_00051.wav,dataset/raw/target_word/target_words_raw.wav,target_chunk024,0,target_word,train,16000,1,1.0,16000,384000,400000
target_word_00052.wav,dataset/raw/target_word/target_words_raw.wav,target_chunk025,0,target_word,train,16000,1,1.0,16000,400000,416000
target_word_00053.wav,dataset/raw/target_word/target_words_raw.wav,target_chunk026,0,target_word,train,16000,1,1.0,16000,416000,432000
target_word_00054.wav,dataset/raw/target_word/target_words_raw.wav,target_chunk027,0,target_word,train,16000,1,1.0,16000,432000,448000
target_word_00055.wav,dataset/raw/target_word/target_words_raw.wav,target_chunk028,0,target_word,train,16000,1,1.0,16000,448000,464000
target_word_00056.wav,dataset/raw/target_word/target_words_raw.wav,target_chunk029,0,target_word,train,16000,1,1.0,16000,464000,480000
target_word_00057.wav,dataset/raw/target_word/target_words_raw.wav,target_chunk030,0,target_word,train,16000,1,1.0,16000,480000,496000
target_word_00058.wav,dataset/raw/target_word/target_words_raw.wav,target_chunk031,0,target_word,test,16000,1,1.0,16000,496000,512000
target_word_00059.wav,dataset/raw/target_word/target_words_raw.wav,target_chunk032,0,target_word,validation,16000,1,1.0,16000,512000,528000
target_word_00060.wav,dataset/raw/target_word/target_words_raw.wav,target_chunk033,0,target_word,train,16000,1,1.0,16000,528000,544000
target_word_00061.wav,dataset/raw/target_word/target_words_raw.wav,target_chunk034,0,target_word,test,16000,1,1.0,16000,544000,560000
target_word_00062.wav,dataset/raw/target_word/target_words_raw.wav,target_chunk035,0,target_word,train,16000,1,1.0,16000,560000,576000
target_word_00063.wav,dataset/raw/target_word/target_words_raw.wav,target_chunk036,0,target_word,train,16000,1,1.0,16000,576000,592000
target_word_00064.wav,dataset/raw/target_word/target_words_raw.wav,target_chunk037,0,target_word,train,16000,1,1.0,16000,592000,608000
target_word_00065.wav,dataset/raw/target_word/target_words_raw.wav,target_chunk038,0,target_word,train,16000,1,1.0,16000,608000,624000
target_word_00066.wav,dataset/raw/target_word/target_words_raw.wav,target_chunk039,0,target_word,train,16000,1,1.0,16000,624000,640000
target_word_00067.wav,dataset/raw/target_word/target_words_raw.wav,target_chunk040,0,target_word,validation,16000,1,1.0,16000,640000,656000
target_word_00068.wav,dataset/raw/target_word/target_words_raw.wav,target_chunk041,0,target_word,train,16000,1,1.0,16000,656000,672000
target_word_00069.wav,dataset/raw/target_word/target_words_raw.wav,target_chunk042,0,target_word,train,16000,1,1.0,16000,672000,688000
target_word_00070.wav,dataset/raw/target_word/target_words_raw.wav,target_chunk043,0,target_word,validation,16000,1,1.0,16000,688000,704000
target_word_00071.wav,dataset/raw/target_word/target_words_raw.wav,target_chunk044,0,target_word,train,16000,1,1.0,16000,704000,720000
target_word_00072.wav,dataset/raw/target_word/target_words_raw.wav,target_chunk045,0,target_word,train,16000,1,1.0,16000,720000,736000
target_word_00073.wav,dataset/raw/target_word/target_words_raw.wav,target_chunk046,0,target_word,train,16000,1,1.0,16000,736000,752000
target_word_00074.wav,dataset/raw/target_word/target_words_raw.wav,target_chunk047,0,target_word,test,16000,1,1.0,16000,752000,768000
target_word_00075.wav,dataset/raw/target_word/target_words_raw.wav,target_chunk048,0,target_word,test,16000,1,1.0,16000,768000,784000
target_word_00076.wav,dataset/raw/target_word/target_words_raw.wav,target_chunk049,0,target_word,validation,16000,1,1.0,16000,784000,800000
target_word_00077.wav,dataset/raw/target_word/target_words_raw.wav,target_chunk050,0,target_word,train,16000,1,1.0,16000,800000,816000
target_word_00078.wav,dataset/raw/target_word/target_words_raw.wav,target_chunk051,0,target_word,validation,16000,1,1.0,16000,816000,832000
target_word_00079.wav,dataset/raw/target_word/target_words_raw.wav,target_chunk052,0,target_word,test,16000,1,1.0,16000,832000,848000
target_word_00080.wav,dataset/raw/target_word/target_words_raw.wav,target_chunk053,0,target_word,train,16000,1,1.0,16000,848000,864000
target_word_00081.wav,dataset/raw/target_word/target_words_raw.wav,target_chunk054,0,target_word,train,16000,1,1.0,16000,864000,880000
target_word_00082.wav,dataset/raw/target_word/target_words_raw.wav,target_chunk055,0,target_word,train,16000,1,1.0,16000,880000,896000
target_word_00083.wav,dataset/raw/target_word/target_words_raw.wav,target_chunk056,0,target_word,train,16000,1,1.0,16000,896000,912000
target_word_00084.wav,dataset/raw/target_word/target_words_raw.wav,target_chunk057,0,target_word,train,16000,1,1.0,16000,912000,928000
target_word_00085.wav,dataset/raw/target_word/target_words_raw.wav,target_chunk058,0,target_word,train,16000,1,1.0,16000,928000,944000
target_word_00086.wav,dataset/raw/target_word/target_words_raw.wav,target_chunk059,0,target_word,test,16000,1,1.0,16000,944000,960000
target_word_00087.wav,dataset/raw/target_word/target_words_raw.wav,target_chunk060,0,target_word,train,16000,1,1.0,16000,960000,976000
target_word_00088.wav,dataset/raw/target_word/target_words_raw.wav,target_chunk061,0,target_word,train,16000,1,1.0,16000,976000,992000
target_word_00089.wav,dataset/raw/target_word/target_words_raw.wav,target_chunk062,0,target_word,test,16000,1,1.0,16000,992000,1008000
target_word_00090.wav,dataset/raw/target_word/target_words_raw.wav,target_chunk063,0,target_word,test,16000,1,1.0,16000,1008000,1024000
target_word_00091.wav,dataset/raw/target_word/target_words_raw.wav,target_chunk064,0,target_word,train,16000,1,1.0,16000,1024000,1040000
target_word_00092.wav,dataset/raw/target_word/target_words_raw.wav,target_chunk065,0,target_word,train,16000,1,1.0,16000,1040000,1056000
target_word_00093.wav,dataset/raw/target_word/target_words_raw.wav,target_chunk066,0,target_word,test,16000,1,1.0,16000,1056000,1072000
target_word_00094.wav,dataset/raw/target_word/target_words_raw.wav,target_chunk067,0,target_word,validation,16000,1,1.0,16000,1072000,1088000
target_word_00095.wav,dataset/raw/target_word/target_words_raw.wav,target_chunk068,0,target_word,train,16000,1,1.0,16000,1088000,1104000
target_word_00096.wav,dataset/raw/target_word/target_words_raw.wav,target_chunk069,0,target_word,train,16000,1,1.0,16000,1104000,1120000
target_word_00097.wav,dataset/raw/target_word/target_words_raw.wav,target_chunk070,0,target_word,validation,16000,1,1.0,16000,1120000,1136000
target_word_00098.wav,dataset/raw/target_word/target_words_raw.wav,target_chunk071,0,target_word,train,16000,1,1.0,16000,1136000,1152000
target_word_00099.wav,dataset/raw/target_word/target_words_raw.wav,target_chunk072,0,target_word,train,16000,1,1.0,16000,1152000,1168000
target_word_00100.wav,dataset/raw/target_word/target_words_raw.wav,target_chunk073,0,target_word,train,16000,1,1.0,16000,1168000,1184000
target_word_00101.wav,dataset/raw/target_word/target_words_raw.wav,target_chunk074,0,target_word,train,16000,1,1.0,16000,1184000,1200000
target_word_00102.wav,dataset/raw/target_word/target_words_raw.wav,target_chunk075,0,target_word,train,16000,1,1.0,16000,1200000,1216000
target_word_00103.wav,dataset/raw/target_word/target_words_raw.wav,target_chunk076,0,target_word,test,16000,1,1.0,16000,1216000,1232000
target_word_00104.wav,dataset/raw/target_word/target_words_raw.wav,target_chunk077,0,target_word,train,16000,1,1.0,16000,1232000,1248000
target_word_00105.wav,dataset/raw/target_word/target_words_raw.wav,target_chunk078,0,target_word,train,16000,1,1.0,16000,1248000,1264000
target_word_00106.wav,dataset/raw/target_word/target_words_raw.wav,target_chunk079,0,target_word,train,16000,1,1.0,16000,1264000,1280000
target_word_00107.wav,dataset/raw/target_word/target_words_raw.wav,target_chunk080,0,target_word,train,16000,1,1.0,16000,1280000,1296000
target_word_00108.wav,dataset/raw/target_word/target_words_raw.wav,target_chunk081,0,target_word,test,16000,1,1.0,16000,1296000,1312000
target_word_00109.wav,dataset/raw/target_word/target_words_raw.wav,target_chunk082,0,target_word,train,16000,1,1.0,16000,1312000,1328000
target_word_00110.wav,dataset/raw/target_word/target_words_raw.wav,target_chunk083,0,target_word,train,16000,1,1.0,16000,1328000,1344000
target_word_00111.wav,dataset/raw/target_word/target_words_raw.wav,target_chunk084,0,target_word,train,16000,1,1.0,16000,1344000,1360000
target_word_00112.wav,dataset/raw/target_word/target_words_raw.wav,target_chunk085,0,target_word,train,16000,1,1.0,16000,1360000,1376000
target_word_00113.wav,dataset/raw/target_word/target_words_raw.wav,target_chunk086,0,target_word,train,16000,1,1.0,16000,1376000,1392000
target_word_00114.wav,dataset/raw/target_word/target_words_raw.wav,target_chunk087,0,target_word,train,16000,1,1.0,16000,1392000,1408000
target_word_00115.wav,dataset/raw/target_word/target_words_raw.wav,target_chunk088,0,target_word,train,16000,1,1.0,16000,1408000,1424000
target_word_00116.wav,dataset/raw/target_word/target_words_raw.wav,target_chunk089,0,target_word,test,16000,1,1.0,16000,1424000,1440000
target_word_00117.wav,dataset/raw/target_word/target_words_raw.wav,target_chunk090,0,target_word,test,16000,1,1.0,16000,1440000,1456000
target_word_00118.wav,dataset/raw/target_word/target_words_raw.wav,target_chunk091,0,target_word,validation,16000,1,1.0,16000,1456000,1472000
target_word_00119.wav,dataset/raw/target_word/target_words_raw.wav,target_chunk092,0,target_word,train,16000,1,1.0,16000,1472000,1488000
target_word_00120.wav,dataset/raw/target_word/target_words_raw.wav,target_chunk093,0,target_word,validation,16000,1,1.0,16000,1488000,1504000
target_word_00121.wav,dataset/raw/target_word/target_words_raw.wav,target_chunk094,0,target_word,validation,16000,1,1.0,16000,1504000,1520000
target_word_00122.wav,dataset/raw/target_word/target_words_raw.wav,target_chunk095,0,target_word,train,16000,1,1.0,16000,1520000,1536000
target_word_00123.wav,dataset/raw/target_word/target_words_raw.wav,target_chunk096,0,target_word,train,16000,1,1.0,16000,1536000,1552000
target_word_00124.wav,dataset/raw/target_word/target_words_raw.wav,target_chunk097,0,target_word,train,16000,1,1.0,16000,1552000,1568000
target_word_00125.wav,dataset/raw/target_word/target_words_raw.wav,target_chunk098,0,target_word,train,16000,1,1.0,16000,1568000,1584000
target_word_00126.wav,dataset/raw/target_word/target_words_raw.wav,target_chunk099,0,target_word,train,16000,1,1.0,16000,1584000,1600000
target_word_00127.wav,dataset/raw/target_word/target_words_raw.wav,target_chunk100,0,target_word,train,16000,1,1.0,16000,1600000,1616000
target_word_00128.wav,dataset/raw/target_word/target_words_raw.wav,target_chunk101,0,target_word,train,16000,1,1.0,16000,1616000,1632000
target_word_00129.wav,dataset/raw/target_word/target_words_raw.wav,target_chunk102,0,target_word,train,16000,1,1.0,16000,1632000,1648000
target_word_00130.wav,dataset/raw/target_word/target_words_raw.wav,target_chunk103,0,target_word,train,16000,1,1.0,16000,1648000,1664000
target_word_00131.wav,dataset/raw/target_word/target_words_raw.wav,target_chunk104,0,target_word,train,16000,1,1.0,16000,1664000,1680000
target_word_00132.wav,dataset/raw/target_word/target_words_raw.wav,target_chunk105,0,target_word,train,16000,1,1.0,16000,1680000,1696000
target_word_00133.wav,dataset/raw/target_word/target_words_raw.wav,target_chunk106,0,target_word,train,16000,1,1.0,16000,1696000,1712000
target_word_00134.wav,dataset/raw/target_word/target_words_raw.wav,target_chunk107,0,target_word,train,16000,1,1.0,16000,1712000,1728000
target_word_00135.wav,dataset/raw/target_word/target_words_raw.wav,target_chunk108,0,target_word,train,16000,1,1.0,16000,1728000,1744000
target_word_00136.wav,dataset/raw/target_word/target_words_raw.wav,target_chunk109,0,target_word,test,16000,1,1.0,16000,1744000,1760000
target_word_00137.wav,dataset/raw/target_word/target_words_raw.wav,target_chunk110,0,target_word,train,16000,1,1.0,16000,1760000,1776000
target_word_00138.wav,dataset/raw/target_word/target_words_raw.wav,target_chunk111,0,target_word,test,16000,1,1.0,16000,1776000,1792000
target_word_00139.wav,dataset/raw/target_word/target_words_raw.wav,target_chunk112,0,target_word,train,16000,1,1.0,16000,1792000,1808000
target_word_00140.wav,dataset/raw/target_word/target_words_raw.wav,target_chunk113,0,target_word,train,16000,1,1.0,16000,1808000,1824000
target_word_00141.wav,dataset/raw/target_word/target_words_raw.wav,target_chunk114,0,target_word,train,16000,1,1.0,16000,1824000,1840000
target_word_00142.wav,dataset/raw/target_word/target_words_raw.wav,target_chunk115,0,target_word,train,16000,1,1.0,16000,1840000,1856000
target_word_00143.wav,dataset/raw/target_word/target_words_raw.wav,target_chunk116,0,target_word,train,16000,1,1.0,16000,1856000,1872000
target_word_00144.wav,dataset/raw/target_word/target_words_raw.wav,target_chunk117,0,target_word,test,16000,1,1.0,16000,1872000,1888000
target_word_00145.wav,dataset/raw/target_word/target_words_raw.wav,target_chunk118,0,target_word,train,16000,1,1.0,16000,1888000,1904000
target_word_00146.wav,dataset/raw/target_word/target_words_raw.wav,target_chunk119,0,target_word,train,16000,1,1.0,16000,1904000,1920000
target_word_00147.wav,dataset/raw/target_word/target_words_raw.wav,target_chunk120,0,target_word,test,16000,1,1.0,16000,1920000,1936000
target_word_00148.wav,dataset/raw/target_word/target_words_raw.wav,target_chunk121,0,target_word,train,16000,1,1.0,16000,1936000,1952000
target_word_00149.wav,dataset/raw/target_word/target_words_raw.wav,target_chunk122,0,target_word,train,16000,1,1.0,16000,1952000,1968000
target_word_00150.wav,dataset/raw/target_word/target_words_raw.wav,target_chunk123,0,target_word,validation,16000,1,1.0,16000,1968000,1984000
target_word_00151.wav,dataset/raw/target_word/target_words_raw.wav,target_chunk124,0,target_word,train,16000,1,1.0,16000,1984000,2000000
target_word_00152.wav,dataset/raw/target_word/target_words_raw.wav,target_chunk125,0,target_word,train,16000,1,1.0,16000,2000000,2016000
target_word_00153.wav,dataset/raw/target_word/target_words_raw.wav,target_chunk126,0,target_word,train,16000,1,1.0,16000,2016000,2032000
target_word_00154.wav,dataset/raw/target_word/target_words_raw.wav,target_chunk127,0,target_word,train,16000,1,1.0,16000,2032000,2048000
target_word_00155.wav,dataset/raw/target_word/target_words_raw.wav,target_chunk128,0,target_word,train,16000,1,1.0,16000,2048000,2064000
target_word_00156.wav,dataset/raw/target_word/target_words_raw.wav,target_chunk129,0,target_word,validation,16000,1,1.0,16000,2064000,2080000
target_word_00157.wav,dataset/raw/target_word/target_words_raw.wav,target_chunk130,0,target_word,train,16000,1,1.0,16000,2080000,2096000
target_word_00158.wav,dataset/raw/target_word/target_words_raw.wav,target_chunk131,0,target_word,train,16000,1,1.0,16000,2096000,2112000
target_word_00159.wav,dataset/raw/target_word/target_words_raw.wav,target_chunk132,0,target_word,train,16000,1,1.0,16000,2112000,2128000
target_word_00160.wav,dataset/raw/target_word/target_words_raw.wav,target_chunk133,0,target_word,validation,16000,1,1.0,16000,2128000,2144000
target_word_00161.wav,dataset/raw/target_word/target_words_raw.wav,target_chunk134,0,target_word,train,16000,1,1.0,16000,2144000,2160000
target_word_00162.wav,dataset/raw/target_word/target_words_raw.wav,target_chunk135,0,target_word,train,16000,1,1.0,16000,2160000,2176000
target_word_00163.wav,dataset/raw/target_word/target_words_raw.wav,target_chunk136,0,target_word,train,16000,1,1.0,16000,2176000,2192000
target_word_00164.wav,dataset/raw/target_word/target_words_raw.wav,target_chunk137,0,target_word,train,16000,1,1.0,16000,2192000,2208000
target_word_00165.wav,dataset/raw/target_word/target_words_raw.wav,target_chunk138,0,target_word,validation,16000,1,1.0,16000,2208000,2224000
target_word_00166.wav,dataset/raw/target_word/target_words_raw.wav,target_chunk139,0,target_word,test,16000,1,1.0,16000,2224000,2240000
target_word_00167.wav,dataset/raw/target_word/target_words_raw.wav,target_chunk140,0,target_word,train,16000,1,1.0,16000,2240000,2256000
target_word_00168.wav,dataset/raw/target_word/target_words_raw.wav,target_chunk141,0,target_word,train,16000,1,1.0,16000,2256000,2272000
target_word_00169.wav,dataset/raw/target_word/target_words_raw.wav,target_chunk142,0,target_word,validation,16000,1,1.0,16000,2272000,2288000
target_word_00170.wav,dataset/raw/target_word/target_words_raw.wav,target_chunk143,0,target_word,validation,16000,1,1.0,16000,2288000,2304000
target_word_00171.wav,dataset/raw/target_word/target_words_raw.wav,target_chunk144,0,target_word,train,16000,1,1.0,16000,2304000,2320000
target_word_00172.wav,dataset/raw/target_word/target_words_raw.wav,target_chunk145,0,target_word,train,16000,1,1.0,16000,2320000,2336000
target_word_00173.wav,dataset/raw/target_word/target_words_raw.wav,target_chunk146,0,target_word,train,16000,1,1.0,16000,2336000,2352000
target_word_00174.wav,dataset/raw/target_word/target_words_raw.wav,target_chunk147,0,target_word,validation,16000,1,1.0,16000,2352000,2368000
target_word_00175.wav,dataset/raw/target_word/target_words_raw.wav,target_chunk148,0,target_word,test,16000,1,1.0,16000,2368000,2384000
target_word_00176.wav,dataset/raw/target_word/target_words_raw.wav,target_chunk149,0,target_word,train,16000,1,1.0,16000,2384000,2400000
target_word_00177.wav,dataset/raw/target_word/target_words_raw.wav,target_chunk150,0,target_word,validation,16000,1,1.0,16000,2400000,2416000
target_word_00178.wav,dataset/raw/target_word/target_words_raw.wav,target_chunk151,0,target_word,train,16000,1,1.0,16000,2416000,2432000
target_word_00179.wav,dataset/raw/target_word/target_words_raw.wav,target_chunk152,0,target_word,validation,16000,1,1.0,16000,2432000,2448000
target_word_00180.wav,dataset/raw/target_word/target_words_raw.wav,target_chunk153,0,target_word,train,16000,1,1.0,16000,2448000,2464000
target_word_00181.wav,dataset/raw/target_word/target_words_raw.wav,target_chunk154,0,target_word,train,16000,1,1.0,16000,2464000,2480000
target_word_00182.wav,dataset/raw/target_word/target_words_raw.wav,target_chunk155,0,target_word,test,16000,1,1.0,16000,2480000,2496000
target_word_00183.wav,dataset/raw/target_word/target_words_raw.wav,target_chunk156,0,target_word,train,16000,1,1.0,16000,2496000,2512000
target_word_00184.wav,dataset/raw/target_word/target_words_raw.wav,target_chunk157,0,target_word,train,16000,1,1.0,16000,2512000,2528000
target_word_00185.wav,dataset/raw/target_word/target_words_raw.wav,target_chunk158,0,target_word,train,16000,1,1.0,16000,2528000,2544000
target_word_00186.wav,dataset/raw/target_word/target_words_raw.wav,target_chunk159,0,target_word,test,16000,1,1.0,16000,2544000,2560000
target_word_00187.wav,dataset/raw/target_word/target_words_raw.wav,target_chunk160,0,target_word,validation,16000,1,1.0,16000,2560000,2576000
target_word_00188.wav,dataset/raw/target_word/target_words_raw.wav,target_chunk161,0,target_word,train,16000,1,1.0,16000,2576000,2592000
target_word_00189.wav,dataset/raw/target_word/target_words_raw.wav,target_chunk162,0,target_word,train,16000,1,1.0,16000,2592000,2608000
target_word_00190.wav,dataset/raw/target_word/target_words_raw.wav,target_chunk163,0,target_word,validation,16000,1,1.0,16000,2608000,2624000
target_word_00191.wav,dataset/raw/target_word/target_words_raw.wav,target_chunk164,0,target_word,train,16000,1,1.0,16000,2624000,2640000
target_word_00192.wav,dataset/raw/target_word/target_words_raw.wav,target_chunk165,0,target_word,train,16000,1,1.0,16000,2640000,2656000
target_word_00193.wav,dataset/raw/target_word/target_words_raw.wav,target_chunk166,0,target_word,test,16000,1,1.0,16000,2656000,2672000
target_word_00194.wav,dataset/raw/target_word/shrini028_target_word_raw.wav,shrini028,0,target_word,train,16000,1,1.0,16000,0,16000
target_word_00195.wav,dataset/raw/target_word/shrini030_target_word_raw.wav,shrini030,0,target_word,train,16000,1,1.0,16000,0,16000
target_word_00196.wav,dataset/raw/target_word/shrini029_target_word_raw.wav,shrini029,0,target_word,train,16000,1,1.0,16000,0,16000
target_word_00197.wav,dataset/raw/target_word/shrini024_target_word_raw.wav,shrini024,0,target_word,test,16000,1,1.0,16000,0,16000
target_word_00198.wav,dataset/raw/target_word/shrini025_target_word_raw.wav,shrini025,0,target_word,train,16000,1,1.0,16000,0,16000
target_word_00199.wav,dataset/raw/target_word/shrini026_target_word_raw.wav,shrini026,0,target_word,train,16000,1,1.0,16000,0,16000
target_word_00200.wav,dataset/raw/target_word/shrini027_target_word_raw.wav,shrini027,0,target_word,train,16000,1,1.0,16000,0,16000
target_word_00201.wav,dataset/raw/target_word/shrini038_target_word_raw.wav,shrini038,0,target_word,test,16000,1,1.0,16000,0,16000
target_word_00202.wav,dataset/raw/target_word/shrini021_target_word_raw.wav,shrini021,0,target_word,train,16000,1,1.0,16000,0,16000
target_word_00203.wav,dataset/raw/target_word/shrini039_target_word_raw.wav,shrini039,0,target_word,validation,16000,1,1.0,16000,0,16000
target_word_00204.wav,dataset/raw/target_word/shrini020_target_word_raw.wav,shrini020,0,target_word,test,16000,1,1.0,16000,0,16000
target_word_00205.wav,dataset/raw/target_word/shrini023_target_word_raw.wav,shrini023,0,target_word,train,16000,1,1.0,16000,0,16000
target_word_00206.wav,dataset/raw/target_word/shrini022_target_word_raw.wav,shrini022,0,target_word,train,16000,1,1.0,16000,0,16000
unknown_words_00207.wav,dataset/raw/unknown_words/shrini025_unknown_words_raw.wav,shrini025,1,unknown_words,train,16000,1,1.0,16000,0,16000
unknown_words_00208.wav,dataset/raw/unknown_words/shrini033_unknown_words_raw.wav,shrini033,1,unknown_words,validation,16000,1,1.0,16000,0,16000
unknown_words_00209.wav,dataset/raw/unknown_words/shrini009_unknown_words_raw.wav,shrini009,1,unknown_words,train,16000,1,1.0,16000,0,16000
unknown_words_00210.wav,dataset/raw/unknown_words/shrini001_unknown_words_raw.wav,shrini001,1,unknown_words,validation,16000,1,1.0,16000,0,16000
unknown_words_00211.wav,dataset/raw/unknown_words/shrini017_unknown_words_raw.wav,shrini017,1,unknown_words,train,16000,1,1.0,16000,0,16000
unknown_words_00212.wav,dataset/raw/unknown_words/shrini027_unknown_words_raw.wav,shrini027,1,unknown_words,train,16000,1,1.0,16000,0,16000
unknown_words_00213.wav,dataset/raw/unknown_words/shrini031_unknown_words_raw.wav,shrini031,1,unknown_words,train,16000,1,1.0,16000,0,16000
unknown_words_00214.wav,dataset/raw/unknown_words/shrini003_unknown_words_raw.wav,shrini003,1,unknown_words,test,16000,1,1.0,16000,0,16000
unknown_words_00215.wav,dataset/raw/unknown_words/shrini015_unknown_words_raw.wav,shrini015,1,unknown_words,train,16000,1,1.0,16000,0,16000
unknown_words_00216.wav,dataset/raw/unknown_words/shrini039_unknown_words_raw.wav,shrini039,1,unknown_words,validation,16000,1,1.0,16000,0,16000
unknown_words_00217.wav,dataset/raw/unknown_words/shrini029_unknown_words_raw.wav,shrini029,1,unknown_words,train,16000,1,1.0,16000,0,16000
unknown_words_00218.wav,dataset/raw/unknown_words/unknown_words_raw.wav,unknown_chunk000,1,unknown_words,train,16000,1,1.0,16000,0,16000
unknown_words_00219.wav,dataset/raw/unknown_words/unknown_words_raw.wav,unknown_chunk001,1,unknown_words,train,16000,1,1.0,16000,16000,32000
unknown_words_00220.wav,dataset/raw/unknown_words/unknown_words_raw.wav,unknown_chunk002,1,unknown_words,train,16000,1,1.0,16000,32000,48000
unknown_words_00221.wav,dataset/raw/unknown_words/unknown_words_raw.wav,unknown_chunk003,1,unknown_words,train,16000,1,1.0,16000,48000,64000
unknown_words_00222.wav,dataset/raw/unknown_words/unknown_words_raw.wav,unknown_chunk004,1,unknown_words,train,16000,1,1.0,16000,64000,80000
unknown_words_00223.wav,dataset/raw/unknown_words/unknown_words_raw.wav,unknown_chunk005,1,unknown_words,train,16000,1,1.0,16000,80000,96000
unknown_words_00224.wav,dataset/raw/unknown_words/unknown_words_raw.wav,unknown_chunk006,1,unknown_words,train,16000,1,1.0,16000,96000,112000
unknown_words_00225.wav,dataset/raw/unknown_words/unknown_words_raw.wav,unknown_chunk007,1,unknown_words,train,16000,1,1.0,16000,112000,128000
unknown_words_00226.wav,dataset/raw/unknown_words/unknown_words_raw.wav,unknown_chunk008,1,unknown_words,train,16000,1,1.0,16000,128000,144000
unknown_words_00227.wav,dataset/raw/unknown_words/unknown_words_raw.wav,unknown_chunk009,1,unknown_words,validation,16000,1,1.0,16000,144000,160000
unknown_words_00228.wav,dataset/raw/unknown_words/unknown_words_raw.wav,unknown_chunk010,1,unknown_words,train,16000,1,1.0,16000,160000,176000
unknown_words_00229.wav,dataset/raw/unknown_words/unknown_words_raw.wav,unknown_chunk011,1,unknown_words,validation,16000,1,1.0,16000,176000,192000
unknown_words_00230.wav,dataset/raw/unknown_words/unknown_words_raw.wav,unknown_chunk012,1,unknown_words,train,16000,1,1.0,16000,192000,208000
unknown_words_00231.wav,dataset/raw/unknown_words/unknown_words_raw.wav,unknown_chunk013,1,unknown_words,train,16000,1,1.0,16000,208000,224000
unknown_words_00232.wav,dataset/raw/unknown_words/unknown_words_raw.wav,unknown_chunk014,1,unknown_words,train,16000,1,1.0,16000,224000,240000
unknown_words_00233.wav,dataset/raw/unknown_words/unknown_words_raw.wav,unknown_chunk015,1,unknown_words,train,16000,1,1.0,16000,240000,256000
unknown_words_00234.wav,dataset/raw/unknown_words/unknown_words_raw.wav,unknown_chunk016,1,unknown_words,validation,16000,1,1.0,16000,256000,272000
unknown_words_00235.wav,dataset/raw/unknown_words/unknown_words_raw.wav,unknown_chunk017,1,unknown_words,train,16000,1,1.0,16000,272000,288000
unknown_words_00236.wav,dataset/raw/unknown_words/unknown_words_raw.wav,unknown_chunk018,1,unknown_words,test,16000,1,1.0,16000,288000,304000
unknown_words_00237.wav,dataset/raw/unknown_words/unknown_words_raw.wav,unknown_chunk019,1,unknown_words,train,16000,1,1.0,16000,304000,320000
unknown_words_00238.wav,dataset/raw/unknown_words/unknown_words_raw.wav,unknown_chunk020,1,unknown_words,train,16000,1,1.0,16000,320000,336000
unknown_words_00239.wav,dataset/raw/unknown_words/unknown_words_raw.wav,unknown_chunk021,1,unknown_words,train,16000,1,1.0,16000,336000,352000
unknown_words_00240.wav,dataset/raw/unknown_words/unknown_words_raw.wav,unknown_chunk022,1,unknown_words,train,16000,1,1.0,16000,352000,368000
unknown_words_00241.wav,dataset/raw/unknown_words/unknown_words_raw.wav,unknown_chunk023,1,unknown_words,train,16000,1,1.0,16000,368000,384000
unknown_words_00242.wav,dataset/raw/unknown_words/unknown_words_raw.wav,unknown_chunk024,1,unknown_words,train,16000,1,1.0,16000,384000,400000
unknown_words_00243.wav,dataset/raw/unknown_words/unknown_words_raw.wav,unknown_chunk025,1,unknown_words,train,16000,1,1.0,16000,400000,416000
unknown_words_00244.wav,dataset/raw/unknown_words/unknown_words_raw.wav,unknown_chunk026,1,unknown_words,validation,16000,1,1.0,16000,416000,432000
unknown_words_00245.wav,dataset/raw/unknown_words/unknown_words_raw.wav,unknown_chunk027,1,unknown_words,test,16000,1,1.0,16000,432000,448000
unknown_words_00246.wav,dataset/raw/unknown_words/unknown_words_raw.wav,unknown_chunk028,1,unknown_words,test,16000,1,1.0,16000,448000,464000
unknown_words_00247.wav,dataset/raw/unknown_words/unknown_words_raw.wav,unknown_chunk029,1,unknown_words,test,16000,1,1.0,16000,464000,480000
unknown_words_00248.wav,dataset/raw/unknown_words/unknown_words_raw.wav,unknown_chunk030,1,unknown_words,validation,16000,1,1.0,16000,480000,496000
unknown_words_00249.wav,dataset/raw/unknown_words/unknown_words_raw.wav,unknown_chunk031,1,unknown_words,train,16000,1,1.0,16000,496000,512000
unknown_words_00250.wav,dataset/raw/unknown_words/unknown_words_raw.wav,unknown_chunk032,1,unknown_words,test,16000,1,1.0,16000,512000,528000
unknown_words_00251.wav,dataset/raw/unknown_words/unknown_words_raw.wav,unknown_chunk033,1,unknown_words,train,16000,1,1.0,16000,528000,544000
unknown_words_00252.wav,dataset/raw/unknown_words/unknown_words_raw.wav,unknown_chunk034,1,unknown_words,train,16000,1,1.0,16000,544000,560000
unknown_words_00253.wav,dataset/raw/unknown_words/unknown_words_raw.wav,unknown_chunk035,1,unknown_words,train,16000,1,1.0,16000,560000,576000
unknown_words_00254.wav,dataset/raw/unknown_words/unknown_words_raw.wav,unknown_chunk036,1,unknown_words,train,16000,1,1.0,16000,576000,592000
unknown_words_00255.wav,dataset/raw/unknown_words/unknown_words_raw.wav,unknown_chunk037,1,unknown_words,train,16000,1,1.0,16000,592000,608000
unknown_words_00256.wav,dataset/raw/unknown_words/unknown_words_raw.wav,unknown_chunk038,1,unknown_words,train,16000,1,1.0,16000,608000,624000
unknown_words_00257.wav,dataset/raw/unknown_words/unknown_words_raw.wav,unknown_chunk039,1,unknown_words,test,16000,1,1.0,16000,624000,640000
unknown_words_00258.wav,dataset/raw/unknown_words/unknown_words_raw.wav,unknown_chunk040,1,unknown_words,train,16000,1,1.0,16000,640000,656000
unknown_words_00259.wav,dataset/raw/unknown_words/unknown_words_raw.wav,unknown_chunk041,1,unknown_words,validation,16000,1,1.0,16000,656000,672000
unknown_words_00260.wav,dataset/raw/unknown_words/unknown_words_raw.wav,unknown_chunk042,1,unknown_words,train,16000,1,1.0,16000,672000,688000
unknown_words_00261.wav,dataset/raw/unknown_words/unknown_words_raw.wav,unknown_chunk043,1,unknown_words,train,16000,1,1.0,16000,688000,704000
unknown_words_00262.wav,dataset/raw/unknown_words/unknown_words_raw.wav,unknown_chunk044,1,unknown_words,train,16000,1,1.0,16000,704000,720000
unknown_words_00263.wav,dataset/raw/unknown_words/unknown_words_raw.wav,unknown_chunk045,1,unknown_words,test,16000,1,1.0,16000,720000,736000
unknown_words_00264.wav,dataset/raw/unknown_words/unknown_words_raw.wav,unknown_chunk046,1,unknown_words,train,16000,1,1.0,16000,736000,752000
unknown_words_00265.wav,dataset/raw/unknown_words/unknown_words_raw.wav,unknown_chunk047,1,unknown_words,train,16000,1,1.0,16000,752000,768000
unknown_words_00266.wav,dataset/raw/unknown_words/unknown_words_raw.wav,unknown_chunk048,1,unknown_words,validation,16000,1,1.0,16000,768000,784000
unknown_words_00267.wav,dataset/raw/unknown_words/unknown_words_raw.wav,unknown_chunk049,1,unknown_words,validation,16000,1,1.0,16000,784000,800000
unknown_words_00268.wav,dataset/raw/unknown_words/unknown_words_raw.wav,unknown_chunk050,1,unknown_words,train,16000,1,1.0,16000,800000,816000
unknown_words_00269.wav,dataset/raw/unknown_words/unknown_words_raw.wav,unknown_chunk051,1,unknown_words,validation,16000,1,1.0,16000,816000,832000
unknown_words_00270.wav,dataset/raw/unknown_words/unknown_words_raw.wav,unknown_chunk052,1,unknown_words,test,16000,1,1.0,16000,832000,848000
unknown_words_00271.wav,dataset/raw/unknown_words/unknown_words_raw.wav,unknown_chunk053,1,unknown_words,train,16000,1,1.0,16000,848000,864000
unknown_words_00272.wav,dataset/raw/unknown_words/unknown_words_raw.wav,unknown_chunk054,1,unknown_words,train,16000,1,1.0,16000,864000,880000
unknown_words_00273.wav,dataset/raw/unknown_words/unknown_words_raw.wav,unknown_chunk055,1,unknown_words,validation,16000,1,1.0,16000,880000,896000
unknown_words_00274.wav,dataset/raw/unknown_words/unknown_words_raw.wav,unknown_chunk056,1,unknown_words,test,16000,1,1.0,16000,896000,912000
unknown_words_00275.wav,dataset/raw/unknown_words/unknown_words_raw.wav,unknown_chunk057,1,unknown_words,test,16000,1,1.0,16000,912000,928000
unknown_words_00276.wav,dataset/raw/unknown_words/unknown_words_raw.wav,unknown_chunk058,1,unknown_words,train,16000,1,1.0,16000,928000,944000
unknown_words_00277.wav,dataset/raw/unknown_words/unknown_words_raw.wav,unknown_chunk059,1,unknown_words,train,16000,1,1.0,16000,944000,960000
unknown_words_00278.wav,dataset/raw/unknown_words/unknown_words_raw.wav,unknown_chunk060,1,unknown_words,train,16000,1,1.0,16000,960000,976000
unknown_words_00279.wav,dataset/raw/unknown_words/unknown_words_raw.wav,unknown_chunk061,1,unknown_words,train,16000,1,1.0,16000,976000,992000
unknown_words_00280.wav,dataset/raw/unknown_words/unknown_words_raw.wav,unknown_chunk062,1,unknown_words,train,16000,1,1.0,16000,992000,1008000
unknown_words_00281.wav,dataset/raw/unknown_words/unknown_words_raw.wav,unknown_chunk063,1,unknown_words,train,16000,1,1.0,16000,1008000,1024000
unknown_words_00282.wav,dataset/raw/unknown_words/unknown_words_raw.wav,unknown_chunk064,1,unknown_words,train,16000,1,1.0,16000,1024000,1040000
unknown_words_00283.wav,dataset/raw/unknown_words/unknown_words_raw.wav,unknown_chunk065,1,unknown_words,train,16000,1,1.0,16000,1040000,1056000
unknown_words_00284.wav,dataset/raw/unknown_words/unknown_words_raw.wav,unknown_chunk066,1,unknown_words,train,16000,1,1.0,16000,1056000,1072000
unknown_words_00285.wav,dataset/raw/unknown_words/unknown_words_raw.wav,unknown_chunk067,1,unknown_words,train,16000,1,1.0,16000,1072000,1088000
unknown_words_00286.wav,dataset/raw/unknown_words/unknown_words_raw.wav,unknown_chunk068,1,unknown_words,train,16000,1,1.0,16000,1088000,1104000
unknown_words_00287.wav,dataset/raw/unknown_words/unknown_words_raw.wav,unknown_chunk069,1,unknown_words,train,16000,1,1.0,16000,1104000,1120000
unknown_words_00288.wav,dataset/raw/unknown_words/unknown_words_raw.wav,unknown_chunk070,1,unknown_words,validation,16000,1,1.0,16000,1120000,1136000
unknown_words_00289.wav,dataset/raw/unknown_words/unknown_words_raw.wav,unknown_chunk071,1,unknown_words,test,16000,1,1.0,16000,1136000,1152000
unknown_words_00290.wav,dataset/raw/unknown_words/unknown_words_raw.wav,unknown_chunk072,1,unknown_words,train,16000,1,1.0,16000,1152000,1168000
unknown_words_00291.wav,dataset/raw/unknown_words/unknown_words_raw.wav,unknown_chunk073,1,unknown_words,validation,16000,1,1.0,16000,1168000,1184000
unknown_words_00292.wav,dataset/raw/unknown_words/unknown_words_raw.wav,unknown_chunk074,1,unknown_words,train,16000,1,1.0,16000,1184000,1200000
unknown_words_00293.wav,dataset/raw/unknown_words/unknown_words_raw.wav,unknown_chunk075,1,unknown_words,test,16000,1,1.0,16000,1200000,1216000
unknown_words_00294.wav,dataset/raw/unknown_words/unknown_words_raw.wav,unknown_chunk076,1,unknown_words,train,16000,1,1.0,16000,1216000,1232000
unknown_words_00295.wav,dataset/raw/unknown_words/unknown_words_raw.wav,unknown_chunk077,1,unknown_words,train,16000,1,1.0,16000,1232000,1248000
unknown_words_00296.wav,dataset/raw/unknown_words/unknown_words_raw.wav,unknown_chunk078,1,unknown_words,validation,16000,1,1.0,16000,1248000,1264000
unknown_words_00297.wav,dataset/raw/unknown_words/unknown_words_raw.wav,unknown_chunk079,1,unknown_words,train,16000,1,1.0,16000,1264000,1280000
unknown_words_00298.wav,dataset/raw/unknown_words/unknown_words_raw.wav,unknown_chunk080,1,unknown_words,train,16000,1,1.0,16000,1280000,1296000
unknown_words_00299.wav,dataset/raw/unknown_words/unknown_words_raw.wav,unknown_chunk081,1,unknown_words,train,16000,1,1.0,16000,1296000,1312000
unknown_words_00300.wav,dataset/raw/unknown_words/unknown_words_raw.wav,unknown_chunk082,1,unknown_words,test,16000,1,1.0,16000,1312000,1328000
unknown_words_00301.wav,dataset/raw/unknown_words/unknown_words_raw.wav,unknown_chunk083,1,unknown_words,validation,16000,1,1.0,16000,1328000,1344000
unknown_words_00302.wav,dataset/raw/unknown_words/unknown_words_raw.wav,unknown_chunk084,1,unknown_words,train,16000,1,1.0,16000,1344000,1360000
unknown_words_00303.wav,dataset/raw/unknown_words/unknown_words_raw.wav,unknown_chunk085,1,unknown_words,test,16000,1,1.0,16000,1360000,1376000
unknown_words_00304.wav,dataset/raw/unknown_words/unknown_words_raw.wav,unknown_chunk086,1,unknown_words,train,16000,1,1.0,16000,1376000,1392000
unknown_words_00305.wav,dataset/raw/unknown_words/unknown_words_raw.wav,unknown_chunk087,1,unknown_words,train,16000,1,1.0,16000,1392000,1408000
unknown_words_00306.wav,dataset/raw/unknown_words/unknown_words_raw.wav,unknown_chunk088,1,unknown_words,train,16000,1,1.0,16000,1408000,1424000
unknown_words_00307.wav,dataset/raw/unknown_words/unknown_words_raw.wav,unknown_chunk089,1,unknown_words,train,16000,1,1.0,16000,1424000,1440000
unknown_words_00308.wav,dataset/raw/unknown_words/unknown_words_raw.wav,unknown_chunk090,1,unknown_words,train,16000,1,1.0,16000,1440000,1456000
unknown_words_00309.wav,dataset/raw/unknown_words/unknown_words_raw.wav,unknown_chunk091,1,unknown_words,train,16000,1,1.0,16000,1456000,1472000
unknown_words_00310.wav,dataset/raw/unknown_words/unknown_words_raw.wav,unknown_chunk092,1,unknown_words,train,16000,1,1.0,16000,1472000,1488000
unknown_words_00311.wav,dataset/raw/unknown_words/shrini005_unknown_words_raw.wav,shrini005,1,unknown_words,train,16000,1,1.0,16000,0,16000
unknown_words_00312.wav,dataset/raw/unknown_words/shrini013_unknown_words_raw.wav,shrini013,1,unknown_words,train,16000,1,1.0,16000,0,16000
unknown_words_00313.wav,dataset/raw/unknown_words/shrini021_unknown_words_raw.wav,shrini021,1,unknown_words,train,16000,1,1.0,16000,0,16000
unknown_words_00314.wav,dataset/raw/unknown_words/shrini037_unknown_words_raw.wav,shrini037,1,unknown_words,train,16000,1,1.0,16000,0,16000
unknown_words_00315.wav,dataset/raw/unknown_words/shrini007_unknown_words_raw.wav,shrini007,1,unknown_words,train,16000,1,1.0,16000,0,16000
unknown_words_00316.wav,dataset/raw/unknown_words/shrini011_unknown_words_raw.wav,shrini011,1,unknown_words,test,16000,1,1.0,16000,0,16000
unknown_words_00317.wav,dataset/raw/unknown_words/shrini019_unknown_words_raw.wav,shrini019,1,unknown_words,validation,16000,1,1.0,16000,0,16000
unknown_words_00318.wav,dataset/raw/unknown_words/shrini023_unknown_words_raw.wav,shrini023,1,unknown_words,train,16000,1,1.0,16000,0,16000
unknown_words_00319.wav,dataset/raw/unknown_words/shrini035_unknown_words_raw.wav,shrini035,1,unknown_words,train,16000,1,1.0,16000,0,16000
unknown_words_00320.wav,dataset/raw/unknown_words/shrini016_unknown_words_raw.wav,shrini016,1,unknown_words,test,16000,1,1.0,16000,0,16000
unknown_words_00321.wav,dataset/raw/unknown_words/shrini032_unknown_words_raw.wav,shrini032,1,unknown_words,train,16000,1,1.0,16000,0,16000
unknown_words_00322.wav,dataset/raw/unknown_words/shrini024_unknown_words_raw.wav,shrini024,1,unknown_words,test,16000,1,1.0,16000,0,16000
unknown_words_00323.wav,dataset/raw/unknown_words/shrini008_unknown_words_raw.wav,shrini008,1,unknown_words,train,16000,1,1.0,16000,0,16000
unknown_words_00324.wav,dataset/raw/unknown_words/shrini014_unknown_words_raw.wav,shrini014,1,unknown_words,train,16000,1,1.0,16000,0,16000
unknown_words_00325.wav,dataset/raw/unknown_words/shrini002_unknown_words_raw.wav,shrini002,1,unknown_words,train,16000,1,1.0,16000,0,16000
unknown_words_00326.wav,dataset/raw/unknown_words/shrini040_unknown_words_raw.wav,shrini040,1,unknown_words,validation,16000,1,1.0,16000,0,16000
unknown_words_00327.wav,dataset/raw/unknown_words/shrini038_unknown_words_raw.wav,shrini038,1,unknown_words,test,16000,1,1.0,16000,0,16000
unknown_words_00328.wav,dataset/raw/unknown_words/shrini030_unknown_words_raw.wav,shrini030,1,unknown_words,train,16000,1,1.0,16000,0,16000
unknown_words_00329.wav,dataset/raw/unknown_words/shrini026_unknown_words_raw.wav,shrini026,1,unknown_words,train,16000,1,1.0,16000,0,16000
unknown_words_00330.wav,dataset/raw/unknown_words/shrini036_unknown_words_raw.wav,shrini036,1,unknown_words,validation,16000,1,1.0,16000,0,16000
unknown_words_00331.wav,dataset/raw/unknown_words/shrini020_unknown_words_raw.wav,shrini020,1,unknown_words,test,16000,1,1.0,16000,0,16000
unknown_words_00332.wav,dataset/raw/unknown_words/shrini028_unknown_words_raw.wav,shrini028,1,unknown_words,train,16000,1,1.0,16000,0,16000
unknown_words_00333.wav,dataset/raw/unknown_words/shrini012_unknown_words_raw.wav,shrini012,1,unknown_words,train,16000,1,1.0,16000,0,16000
unknown_words_00334.wav,dataset/raw/unknown_words/shrini004_unknown_words_raw.wav,shrini004,1,unknown_words,train,16000,1,1.0,16000,0,16000
unknown_words_00335.wav,dataset/raw/unknown_words/shrini018_unknown_words_raw.wav,shrini018,1,unknown_words,train,16000,1,1.0,16000,0,16000
unknown_words_00336.wav,dataset/raw/unknown_words/shrini034_unknown_words_raw.wav,shrini034,1,unknown_words,train,16000,1,1.0,16000,0,16000
unknown_words_00337.wav,dataset/raw/unknown_words/shrini022_unknown_words_raw.wav,shrini022,1,unknown_words,train,16000,1,1.0,16000,0,16000
unknown_words_00338.wav,dataset/raw/unknown_words/shrini010_unknown_words_raw.wav,shrini010,1,unknown_words,train,16000,1,1.0,16000,0,16000
unknown_words_00339.wav,dataset/raw/unknown_words/shrini006_unknown_words_raw.wav,shrini006,1,unknown_words,train,16000,1,1.0,16000,0,16000
background_noise_00340.wav,dataset/raw/background_noise/background_noise_raw.wav,background_block000,2,background_noise,train,16000,1,1.0,16000,0,16000
background_noise_00341.wav,dataset/raw/background_noise/background_noise_raw.wav,background_block001,2,background_noise,train,16000,1,1.0,16000,16000,32000
background_noise_00342.wav,dataset/raw/background_noise/background_noise_raw.wav,background_block002,2,background_noise,train,16000,1,1.0,16000,32000,48000
background_noise_00343.wav,dataset/raw/background_noise/background_noise_raw.wav,background_block003,2,background_noise,train,16000,1,1.0,16000,48000,64000
background_noise_00344.wav,dataset/raw/background_noise/background_noise_raw.wav,background_block004,2,background_noise,validation,16000,1,1.0,16000,64000,80000
background_noise_00345.wav,dataset/raw/background_noise/background_noise_raw.wav,background_block005,2,background_noise,train,16000,1,1.0,16000,80000,96000
background_noise_00346.wav,dataset/raw/background_noise/background_noise_raw.wav,background_block006,2,background_noise,train,16000,1,1.0,16000,96000,112000
background_noise_00347.wav,dataset/raw/background_noise/background_noise_raw.wav,background_block007,2,background_noise,validation,16000,1,1.0,16000,112000,128000
background_noise_00348.wav,dataset/raw/background_noise/background_noise_raw.wav,background_block008,2,background_noise,train,16000,1,1.0,16000,128000,144000
background_noise_00349.wav,dataset/raw/background_noise/background_noise_raw.wav,background_block009,2,background_noise,train,16000,1,1.0,16000,144000,160000
background_noise_00350.wav,dataset/raw/background_noise/background_noise_raw.wav,background_block010,2,background_noise,train,16000,1,1.0,16000,160000,176000
background_noise_00351.wav,dataset/raw/background_noise/background_noise_raw.wav,background_block011,2,background_noise,train,16000,1,1.0,16000,176000,192000
background_noise_00352.wav,dataset/raw/background_noise/background_noise_raw.wav,background_block012,2,background_noise,test,16000,1,1.0,16000,192000,208000
background_noise_00353.wav,dataset/raw/background_noise/background_noise_raw.wav,background_block013,2,background_noise,train,16000,1,1.0,16000,208000,224000
background_noise_00354.wav,dataset/raw/background_noise/background_noise_raw.wav,background_block014,2,background_noise,validation,16000,1,1.0,16000,224000,240000
background_noise_00355.wav,dataset/raw/background_noise/background_noise_raw.wav,background_block015,2,background_noise,train,16000,1,1.0,16000,240000,256000
background_noise_00356.wav,dataset/raw/background_noise/background_noise_raw.wav,background_block016,2,background_noise,test,16000,1,1.0,16000,256000,272000
background_noise_00357.wav,dataset/raw/background_noise/background_noise_raw.wav,background_block017,2,background_noise,train,16000,1,1.0,16000,272000,288000
background_noise_00358.wav,dataset/raw/background_noise/background_noise_raw.wav,background_block018,2,background_noise,train,16000,1,1.0,16000,288000,304000
background_noise_00359.wav,dataset/raw/background_noise/background_noise_raw.wav,background_block019,2,background_noise,validation,16000,1,1.0,16000,304000,320000
background_noise_00360.wav,dataset/raw/background_noise/background_noise_raw.wav,background_block020,2,background_noise,train,16000,1,1.0,16000,320000,336000
background_noise_00361.wav,dataset/raw/background_noise/background_noise_raw.wav,background_block021,2,background_noise,train,16000,1,1.0,16000,336000,352000
background_noise_00362.wav,dataset/raw/background_noise/background_noise_raw.wav,background_block022,2,background_noise,train,16000,1,1.0,16000,352000,368000
background_noise_00363.wav,dataset/raw/background_noise/background_noise_raw.wav,background_block023,2,background_noise,test,16000,1,1.0,16000,368000,384000
background_noise_00364.wav,dataset/raw/background_noise/background_noise_raw.wav,background_block024,2,background_noise,train,16000,1,1.0,16000,384000,400000
background_noise_00365.wav,dataset/raw/background_noise/background_noise_raw.wav,background_block025,2,background_noise,test,16000,1,1.0,16000,400000,416000
background_noise_00366.wav,dataset/raw/background_noise/background_noise_raw.wav,background_block026,2,background_noise,train,16000,1,1.0,16000,416000,432000
background_noise_00367.wav,dataset/raw/background_noise/background_noise_raw.wav,background_block027,2,background_noise,train,16000,1,1.0,16000,432000,448000
background_noise_00368.wav,dataset/raw/background_noise/background_noise_raw.wav,background_block028,2,background_noise,train,16000,1,1.0,16000,448000,464000
background_noise_00369.wav,dataset/raw/background_noise/background_noise_raw.wav,background_block029,2,background_noise,train,16000,1,1.0,16000,464000,480000
background_noise_00370.wav,dataset/raw/background_noise/background_noise_raw.wav,background_block030,2,background_noise,train,16000,1,1.0,16000,480000,496000
background_noise_00371.wav,dataset/raw/background_noise/background_noise_raw.wav,background_block031,2,background_noise,test,16000,1,1.0,16000,496000,512000
background_noise_00372.wav,dataset/raw/background_noise/background_noise_raw.wav,background_block032,2,background_noise,train,16000,1,1.0,16000,512000,528000
background_noise_00373.wav,dataset/raw/background_noise/background_noise_raw.wav,background_block033,2,background_noise,train,16000,1,1.0,16000,528000,544000
background_noise_00374.wav,dataset/raw/background_noise/background_noise_raw.wav,background_block034,2,background_noise,train,16000,1,1.0,16000,544000,560000
background_noise_00375.wav,dataset/raw/background_noise/background_noise_raw.wav,background_block035,2,background_noise,validation,16000,1,1.0,16000,560000,576000
background_noise_00376.wav,dataset/raw/background_noise/background_noise_raw.wav,background_block036,2,background_noise,train,16000,1,1.0,16000,576000,592000
background_noise_00377.wav,dataset/raw/background_noise/background_noise_raw.wav,background_block037,2,background_noise,train,16000,1,1.0,16000,592000,608000
background_noise_00378.wav,dataset/raw/background_noise/background_noise_raw.wav,background_block038,2,background_noise,test,16000,1,1.0,16000,608000,624000
background_noise_00379.wav,dataset/raw/background_noise/background_noise_raw.wav,background_block039,2,background_noise,train,16000,1,1.0,16000,624000,640000
background_noise_00380.wav,dataset/raw/background_noise/background_noise_raw.wav,background_block040,2,background_noise,train,16000,1,1.0,16000,640000,656000
background_noise_00381.wav,dataset/raw/background_noise/background_noise_raw.wav,background_block041,2,background_noise,train,16000,1,1.0,16000,656000,672000
background_noise_00382.wav,dataset/raw/background_noise/background_noise_raw.wav,background_block042,2,background_noise,test,16000,1,1.0,16000,672000,688000
background_noise_00383.wav,dataset/raw/background_noise/background_noise_raw.wav,background_block043,2,background_noise,train,16000,1,1.0,16000,688000,704000
background_noise_00384.wav,dataset/raw/background_noise/background_noise_raw.wav,background_block044,2,background_noise,train,16000,1,1.0,16000,704000,720000
background_noise_00385.wav,dataset/raw/background_noise/background_noise_raw.wav,background_block045,2,background_noise,train,16000,1,1.0,16000,720000,736000
background_noise_00386.wav,dataset/raw/background_noise/background_noise_raw.wav,background_block046,2,background_noise,train,16000,1,1.0,16000,736000,752000
background_noise_00387.wav,dataset/raw/background_noise/background_noise_raw.wav,background_block047,2,background_noise,train,16000,1,1.0,16000,752000,768000
background_noise_00388.wav,dataset/raw/background_noise/background_noise_raw.wav,background_block048,2,background_noise,validation,16000,1,1.0,16000,768000,784000
background_noise_00389.wav,dataset/raw/background_noise/background_noise_raw.wav,background_block049,2,background_noise,test,16000,1,1.0,16000,784000,800000
background_noise_00390.wav,dataset/raw/background_noise/background_noise_raw.wav,background_block050,2,background_noise,validation,16000,1,1.0,16000,800000,816000
background_noise_00391.wav,dataset/raw/background_noise/background_noise_raw.wav,background_block051,2,background_noise,train,16000,1,1.0,16000,816000,832000
background_noise_00392.wav,dataset/raw/background_noise/background_noise_raw.wav,background_block052,2,background_noise,validation,16000,1,1.0,16000,832000,848000
background_noise_00393.wav,dataset/raw/background_noise/background_noise_raw.wav,background_block053,2,background_noise,test,16000,1,1.0,16000,848000,864000
background_noise_00394.wav,dataset/raw/background_noise/background_noise_raw.wav,background_block054,2,background_noise,train,16000,1,1.0,16000,864000,880000
background_noise_00395.wav,dataset/raw/background_noise/background_noise_raw.wav,background_block055,2,background_noise,train,16000,1,1.0,16000,880000,896000
background_noise_00396.wav,dataset/raw/background_noise/background_noise_raw.wav,background_block056,2,background_noise,test,16000,1,1.0,16000,896000,912000
background_noise_00397.wav,dataset/raw/background_noise/background_noise_raw.wav,background_block057,2,background_noise,test,16000,1,1.0,16000,912000,928000
background_noise_00398.wav,dataset/raw/background_noise/background_noise_raw.wav,background_block058,2,background_noise,train,16000,1,1.0,16000,928000,944000
background_noise_00399.wav,dataset/raw/background_noise/background_noise_raw.wav,background_block059,2,background_noise,test,16000,1,1.0,16000,944000,960000
background_noise_00400.wav,dataset/raw/background_noise/background_noise_raw.wav,background_block060,2,background_noise,train,16000,1,1.0,16000,960000,976000
background_noise_00401.wav,dataset/raw/background_noise/background_noise_raw.wav,background_block061,2,background_noise,train,16000,1,1.0,16000,976000,992000
background_noise_00402.wav,dataset/raw/background_noise/background_noise_raw.wav,background_block062,2,background_noise,validation,16000,1,1.0,16000,992000,1008000
background_noise_00403.wav,dataset/raw/background_noise/background_noise_raw.wav,background_block063,2,background_noise,train,16000,1,1.0,16000,1008000,1024000
background_noise_00404.wav,dataset/raw/background_noise/background_noise_raw.wav,background_block064,2,background_noise,validation,16000,1,1.0,16000,1024000,1040000
background_noise_00405.wav,dataset/raw/background_noise/background_noise_raw.wav,background_block065,2,background_noise,validation,16000,1,1.0,16000,1040000,1056000
background_noise_00406.wav,dataset/raw/background_noise/background_noise_raw.wav,background_block066,2,background_noise,test,16000,1,1.0,16000,1056000,1072000
background_noise_00407.wav,dataset/raw/background_noise/background_noise_raw.wav,background_block067,2,background_noise,train,16000,1,1.0,16000,1072000,1088000
background_noise_00408.wav,dataset/raw/background_noise/background_noise_raw.wav,background_block068,2,background_noise,train,16000,1,1.0,16000,1088000,1104000
background_noise_00409.wav,dataset/raw/background_noise/background_noise_raw.wav,background_block069,2,background_noise,validation,16000,1,1.0,16000,1104000,1120000
background_noise_00410.wav,dataset/raw/background_noise/background_noise_raw.wav,background_block070,2,background_noise,train,16000,1,1.0,16000,1120000,1136000
background_noise_00411.wav,dataset/raw/background_noise/background_noise_raw.wav,background_block071,2,background_noise,train,16000,1,1.0,16000,1136000,1152000
background_noise_00412.wav,dataset/raw/background_noise/background_noise_raw.wav,background_block072,2,background_noise,train,16000,1,1.0,16000,1152000,1168000
background_noise_00413.wav,dataset/raw/background_noise/background_noise_raw.wav,background_block073,2,background_noise,train,16000,1,1.0,16000,1168000,1184000
background_noise_00414.wav,dataset/raw/background_noise/background_noise_raw.wav,background_block074,2,background_noise,train,16000,1,1.0,16000,1184000,1200000
background_noise_00415.wav,dataset/raw/background_noise/background_noise_raw.wav,background_block075,2,background_noise,train,16000,1,1.0,16000,1200000,1216000
background_noise_00416.wav,dataset/raw/background_noise/background_noise_raw.wav,background_block076,2,background_noise,train,16000,1,1.0,16000,1216000,1232000
background_noise_00417.wav,dataset/raw/background_noise/background_noise_raw.wav,background_block077,2,background_noise,train,16000,1,1.0,16000,1232000,1248000
background_noise_00418.wav,dataset/raw/background_noise/background_noise_raw.wav,background_block078,2,background_noise,train,16000,1,1.0,16000,1248000,1264000
background_noise_00419.wav,dataset/raw/background_noise/background_noise_raw.wav,background_block079,2,background_noise,train,16000,1,1.0,16000,1264000,1280000
background_noise_00420.wav,dataset/raw/background_noise/background_noise_raw.wav,background_block080,2,background_noise,train,16000,1,1.0,16000,1280000,1296000
background_noise_00421.wav,dataset/raw/background_noise/background_noise_raw.wav,background_block081,2,background_noise,train,16000,1,1.0,16000,1296000,1312000
background_noise_00422.wav,dataset/raw/background_noise/background_noise_raw.wav,background_block082,2,background_noise,train,16000,1,1.0,16000,1312000,1328000
background_noise_00423.wav,dataset/raw/background_noise/background_noise_raw.wav,background_block083,2,background_noise,train,16000,1,1.0,16000,1328000,1344000
background_noise_00424.wav,dataset/raw/background_noise/background_noise_raw.wav,background_block084,2,background_noise,train,16000,1,1.0,16000,1344000,1360000
background_noise_00425.wav,dataset/raw/background_noise/background_noise_raw.wav,background_block085,2,background_noise,test,16000,1,1.0,16000,1360000,1376000
background_noise_00426.wav,dataset/raw/background_noise/background_noise_raw.wav,background_block086,2,background_noise,train,16000,1,1.0,16000,1376000,1392000
background_noise_00427.wav,dataset/raw/background_noise/background_noise_raw.wav,background_block087,2,background_noise,train,16000,1,1.0,16000,1392000,1408000
background_noise_00428.wav,dataset/raw/background_noise/background_noise_raw.wav,background_block088,2,background_noise,train,16000,1,1.0,16000,1408000,1424000
background_noise_00429.wav,dataset/raw/background_noise/background_noise_raw.wav,background_block089,2,background_noise,train,16000,1,1.0,16000,1424000,1440000
background_noise_00430.wav,dataset/raw/background_noise/background_noise_raw.wav,background_block090,2,background_noise,train,16000,1,1.0,16000,1440000,1456000
background_noise_00431.wav,dataset/raw/background_noise/background_noise_raw.wav,background_block091,2,background_noise,validation,16000,1,1.0,16000,1456000,1472000
background_noise_00432.wav,dataset/raw/background_noise/background_noise_raw.wav,background_block092,2,background_noise,train,16000,1,1.0,16000,1472000,1488000
background_noise_00433.wav,dataset/raw/background_noise/background_noise_raw.wav,background_block093,2,background_noise,train,16000,1,1.0,16000,1488000,1504000
background_noise_00434.wav,dataset/raw/background_noise/background_noise_raw.wav,background_block094,2,background_noise,train,16000,1,1.0,16000,1504000,1520000
background_noise_00435.wav,dataset/raw/background_noise/background_noise_raw.wav,background_block095,2,background_noise,train,16000,1,1.0,16000,1520000,1536000
background_noise_00436.wav,dataset/raw/background_noise/background_noise_raw.wav,background_block096,2,background_noise,train,16000,1,1.0,16000,1536000,1552000
background_noise_00437.wav,dataset/raw/background_noise/background_noise_raw.wav,background_block097,2,background_noise,validation,16000,1,1.0,16000,1552000,1568000
background_noise_00438.wav,dataset/raw/background_noise/background_noise_raw.wav,background_block098,2,background_noise,test,16000,1,1.0,16000,1568000,1584000
background_noise_00439.wav,dataset/raw/background_noise/background_noise_raw.wav,background_block099,2,background_noise,train,16000,1,1.0,16000,1584000,1600000
background_noise_00440.wav,dataset/raw/background_noise/background_noise_raw.wav,background_block100,2,background_noise,validation,16000,1,1.0,16000,1600000,1616000
background_noise_00441.wav,dataset/raw/background_noise/background_noise_raw.wav,background_block101,2,background_noise,train,16000,1,1.0,16000,1616000,1632000
background_noise_00442.wav,dataset/raw/background_noise/background_noise_raw.wav,background_block102,2,background_noise,train,16000,1,1.0,16000,1632000,1648000
background_noise_00443.wav,dataset/raw/background_noise/background_noise_raw.wav,background_block103,2,background_noise,test,16000,1,1.0,16000,1648000,1664000
background_noise_00444.wav,dataset/raw/background_noise/background_noise_raw.wav,background_block104,2,background_noise,train,16000,1,1.0,16000,1664000,1680000
background_noise_00445.wav,dataset/raw/background_noise/background_noise_raw.wav,background_block105,2,background_noise,train,16000,1,1.0,16000,1680000,1696000
background_noise_00446.wav,dataset/raw/background_noise/background_noise_raw.wav,background_block106,2,background_noise,train,16000,1,1.0,16000,1696000,1712000
background_noise_00447.wav,dataset/raw/background_noise/background_noise_raw.wav,background_block107,2,background_noise,validation,16000,1,1.0,16000,1712000,1728000
background_noise_00448.wav,dataset/raw/background_noise/background_noise_raw.wav,background_block108,2,background_noise,train,16000,1,1.0,16000,1728000,1744000
background_noise_00449.wav,dataset/raw/background_noise/background_noise_raw.wav,background_block109,2,background_noise,train,16000,1,1.0,16000,1744000,1760000
background_noise_00450.wav,dataset/raw/background_noise/background_noise_raw.wav,background_block110,2,background_noise,train,16000,1,1.0,16000,1760000,1776000
background_noise_00451.wav,dataset/raw/background_noise/background_noise_raw.wav,background_block111,2,background_noise,train,16000,1,1.0,16000,1776000,1792000
background_noise_00452.wav,dataset/raw/background_noise/background_noise_raw.wav,background_block112,2,background_noise,train,16000,1,1.0,16000,1792000,1808000
background_noise_00453.wav,dataset/raw/background_noise/background_noise_raw.wav,background_block113,2,background_noise,test,16000,1,1.0,16000,1808000,1824000
background_noise_00454.wav,dataset/raw/background_noise/background_noise_raw.wav,background_block114,2,background_noise,validation,16000,1,1.0,16000,1824000,1840000
background_noise_00455.wav,dataset/raw/background_noise/background_noise_raw.wav,background_block115,2,background_noise,train,16000,1,1.0,16000,1840000,1856000
background_noise_00456.wav,dataset/raw/background_noise/background_noise_raw.wav,background_block116,2,background_noise,train,16000,1,1.0,16000,1856000,1872000
background_noise_00457.wav,dataset/raw/background_noise/background_noise_raw.wav,background_block117,2,background_noise,train,16000,1,1.0,16000,1872000,1888000
background_noise_00458.wav,dataset/raw/background_noise/background_noise_raw.wav,background_block118,2,background_noise,train,16000,1,1.0,16000,1888000,1904000
background_noise_00459.wav,dataset/raw/background_noise/background_noise_raw.wav,background_block119,2,background_noise,train,16000,1,1.0,16000,1904000,1920000
background_noise_00460.wav,dataset/raw/background_noise/background_noise_raw.wav,background_block120,2,background_noise,train,16000,1,1.0,16000,1920000,1936000
background_noise_00461.wav,dataset/raw/background_noise/background_noise_raw.wav,background_block121,2,background_noise,train,16000,1,1.0,16000,1936000,1952000
background_noise_00462.wav,dataset/raw/background_noise/background_noise_raw.wav,background_block122,2,background_noise,train,16000,1,1.0,16000,1952000,1968000
background_noise_00463.wav,dataset/raw/background_noise/background_noise_raw.wav,background_block123,2,background_noise,train,16000,1,1.0,16000,1968000,1984000
background_noise_00464.wav,dataset/raw/background_noise/background_noise_raw.wav,background_block124,2,background_noise,validation,16000,1,1.0,16000,1984000,2000000
background_noise_00465.wav,dataset/raw/background_noise/background_noise_raw.wav,background_block125,2,background_noise,train,16000,1,1.0,16000,2000000,2016000
background_noise_00466.wav,dataset/raw/background_noise/background_noise_raw.wav,background_block126,2,background_noise,test,16000,1,1.0,16000,2016000,2032000
background_noise_00467.wav,dataset/raw/background_noise/background_noise_raw.wav,background_block127,2,background_noise,train,16000,1,1.0,16000,2032000,2048000
background_noise_00468.wav,dataset/raw/background_noise/background_noise_raw.wav,background_block128,2,background_noise,train,16000,1,1.0,16000,2048000,2064000
background_noise_00469.wav,dataset/raw/background_noise/background_noise_raw.wav,background_block129,2,background_noise,test,16000,1,1.0,16000,2064000,2080000
background_noise_00470.wav,dataset/raw/background_noise/background_noise_raw.wav,background_block130,2,background_noise,train,16000,1,1.0,16000,2080000,2096000
background_noise_00471.wav,dataset/raw/background_noise/background_noise_raw.wav,background_block131,2,background_noise,train,16000,1,1.0,16000,2096000,2112000
background_noise_00472.wav,dataset/raw/background_noise/background_noise_raw.wav,background_block132,2,background_noise,train,16000,1,1.0,16000,2112000,2128000
background_noise_00473.wav,dataset/raw/background_noise/background_noise_raw.wav,background_block133,2,background_noise,train,16000,1,1.0,16000,2128000,2144000
background_noise_00474.wav,dataset/raw/background_noise/background_noise_raw.wav,background_block134,2,background_noise,test,16000,1,1.0,16000,2144000,2160000
background_noise_00475.wav,dataset/raw/background_noise/background_noise_raw.wav,background_block135,2,background_noise,train,16000,1,1.0,16000,2160000,2176000
background_noise_00476.wav,dataset/raw/background_noise/background_noise_raw.wav,background_block136,2,background_noise,test,16000,1,1.0,16000,2176000,2192000
background_noise_00477.wav,dataset/raw/background_noise/background_noise_raw.wav,background_block137,2,background_noise,train,16000,1,1.0,16000,2192000,2208000
background_noise_00478.wav,dataset/raw/background_noise/background_noise_raw.wav,background_block138,2,background_noise,train,16000,1,1.0,16000,2208000,2224000
background_noise_00479.wav,dataset/raw/background_noise/background_noise_raw.wav,background_block139,2,background_noise,train,16000,1,1.0,16000,2224000,2240000
background_noise_00480.wav,dataset/raw/background_noise/background_noise_raw.wav,background_block140,2,background_noise,train,16000,1,1.0,16000,2240000,2256000
background_noise_00481.wav,dataset/raw/background_noise/background_noise_raw.wav,background_block141,2,background_noise,validation,16000,1,1.0,16000,2256000,2272000
background_noise_00482.wav,dataset/raw/background_noise/background_noise_raw.wav,background_block142,2,background_noise,validation,16000,1,1.0,16000,2272000,2288000
background_noise_00483.wav,dataset/raw/background_noise/background_noise_raw.wav,background_block143,2,background_noise,validation,16000,1,1.0,16000,2288000,2304000
background_noise_00484.wav,dataset/raw/background_noise/background_noise_raw.wav,background_block144,2,background_noise,train,16000,1,1.0,16000,2304000,2320000
background_noise_00485.wav,dataset/raw/background_noise/background_noise_raw.wav,background_block145,2,background_noise,train,16000,1,1.0,16000,2320000,2336000
background_noise_00486.wav,dataset/raw/background_noise/background_noise_raw.wav,background_block146,2,background_noise,train,16000,1,1.0,16000,2336000,2352000
background_noise_00487.wav,dataset/raw/background_noise/background_noise_raw.wav,background_block147,2,background_noise,train,16000,1,1.0,16000,2352000,2368000
background_noise_00488.wav,dataset/raw/background_noise/background_noise_raw.wav,background_block148,2,background_noise,train,16000,1,1.0,16000,2368000,2384000
background_noise_00489.wav,dataset/raw/background_noise/background_noise_raw.wav,background_block149,2,background_noise,validation,16000,1,1.0,16000,2384000,2400000
background_noise_00490.wav,dataset/raw/background_noise/background_noise_raw.wav,background_block150,2,background_noise,test,16000,1,1.0,16000,2400000,2416000
background_noise_00491.wav,dataset/raw/background_noise/background_noise_raw.wav,background_block151,2,background_noise,test,16000,1,1.0,16000,2416000,2432000
background_noise_00492.wav,dataset/raw/background_noise/background_noise_raw.wav,background_block152,2,background_noise,test,16000,1,1.0,16000,2432000,2448000
background_noise_00493.wav,dataset/raw/background_noise/background_noise_raw.wav,background_block153,2,background_noise,train,16000,1,1.0,16000,2448000,2464000
background_noise_00494.wav,dataset/raw/background_noise/background_noise_raw.wav,background_block154,2,background_noise,test,16000,1,1.0,16000,2464000,2480000
background_noise_00495.wav,dataset/raw/background_noise/background_noise_raw.wav,background_block155,2,background_noise,train,16000,1,1.0,16000,2480000,2496000
background_noise_00496.wav,dataset/raw/background_noise/background_noise_raw.wav,background_block156,2,background_noise,train,16000,1,1.0,16000,2496000,2512000
background_noise_00497.wav,dataset/raw/background_noise/background_noise_raw.wav,background_block157,2,background_noise,train,16000,1,1.0,16000,2512000,2528000
background_noise_00498.wav,dataset/raw/background_noise/background_noise_raw.wav,background_block158,2,background_noise,train,16000,1,1.0,16000,2528000,2544000
background_noise_00499.wav,dataset/raw/background_noise/background_noise_raw.wav,background_block159,2,background_noise,train,16000,1,1.0,16000,2544000,2560000
background_noise_00500.wav,dataset/raw/background_noise/background_noise_raw.wav,background_block160,2,background_noise,test,16000,1,1.0,16000,2560000,2576000
background_noise_00501.wav,dataset/raw/background_noise/background_noise_raw.wav,background_block161,2,background_noise,train,16000,1,1.0,16000,2576000,2592000
background_noise_00502.wav,dataset/raw/background_noise/background_noise_raw.wav,background_block162,2,background_noise,train,16000,1,1.0,16000,2592000,2608000
background_noise_00503.wav,dataset/raw/background_noise/background_noise_raw.wav,background_block163,2,background_noise,train,16000,1,1.0,16000,2608000,2624000
background_noise_00504.wav,dataset/raw/background_noise/background_noise_raw.wav,background_block164,2,background_noise,train,16000,1,1.0,16000,2624000,2640000
background_noise_00505.wav,dataset/raw/background_noise/background_noise_raw.wav,background_block165,2,background_noise,train,16000,1,1.0,16000,2640000,2656000
background_noise_00506.wav,dataset/raw/background_noise/background_noise_raw.wav,background_block166,2,background_noise,train,16000,1,1.0,16000,2656000,2672000
background_noise_00507.wav,dataset/raw/background_noise/background_noise_raw.wav,background_block167,2,background_noise,train,16000,1,1.0,16000,2672000,2688000
background_noise_00508.wav,dataset/raw/background_noise/background_noise_raw.wav,background_block168,2,background_noise,train,16000,1,1.0,16000,2688000,2704000
background_noise_00509.wav,dataset/raw/background_noise/background_noise_raw.wav,background_block169,2,background_noise,test,16000,1,1.0,16000,2704000,2720000
background_noise_00510.wav,dataset/raw/background_noise/background_noise_raw.wav,background_block170,2,background_noise,train,16000,1,1.0,16000,2720000,2736000
background_noise_00511.wav,dataset/raw/background_noise/background_noise_raw.wav,background_block171,2,background_noise,train,16000,1,1.0,16000,2736000,2752000
background_noise_00512.wav,dataset/raw/background_noise/background_noise_raw.wav,background_block172,2,background_noise,validation,16000,1,1.0,16000,2752000,2768000
background_noise_00513.wav,dataset/raw/background_noise/background_noise_raw.wav,background_block173,2,background_noise,test,16000,1,1.0,16000,2768000,2784000
background_noise_00514.wav,dataset/raw/background_noise/background_noise_raw.wav,background_block174,2,background_noise,test,16000,1,1.0,16000,2784000,2800000
background_noise_00515.wav,dataset/raw/background_noise/background_noise_raw.wav,background_block175,2,background_noise,test,16000,1,1.0,16000,2800000,2816000
background_noise_00516.wav,dataset/raw/background_noise/background_noise_raw.wav,background_block176,2,background_noise,train,16000,1,1.0,16000,2816000,2832000
background_noise_00517.wav,dataset/raw/background_noise/background_noise_raw.wav,background_block177,2,background_noise,train,16000,1,1.0,16000,2832000,2848000
background_noise_00518.wav,dataset/raw/background_noise/background_noise_raw.wav,background_block178,2,background_noise,train,16000,1,1.0,16000,2848000,2864000
background_noise_00519.wav,dataset/raw/background_noise/background_noise_raw.wav,background_block179,2,background_noise,validation,16000,1,1.0,16000,2864000,2880000
background_noise_00520.wav,dataset/raw/background_noise/background_noise_raw.wav,background_block180,2,background_noise,train,16000,1,1.0,16000,2880000,2896000
background_noise_00521.wav,dataset/raw/background_noise/background_noise_raw.wav,background_block181,2,background_noise,train,16000,1,1.0,16000,2896000,2912000
background_noise_00522.wav,dataset/raw/background_noise/background_noise_raw.wav,background_block182,2,background_noise,train,16000,1,1.0,16000,2912000,2928000
background_noise_00523.wav,dataset/raw/background_noise/background_noise_raw.wav,background_block183,2,background_noise,train,16000,1,1.0,16000,2928000,2944000
background_noise_00524.wav,dataset/raw/background_noise/background_noise_raw.wav,background_block184,2,background_noise,train,16000,1,1.0,16000,2944000,2960000
background_noise_00525.wav,dataset/raw/background_noise/background_noise_raw.wav,background_block185,2,background_noise,validation,16000,1,1.0,16000,2960000,2976000
background_noise_00526.wav,dataset/raw/background_noise/background_noise_raw.wav,background_block186,2,background_noise,train,16000,1,1.0,16000,2976000,2992000
background_noise_00527.wav,dataset/raw/background_noise/background_noise_raw.wav,background_block187,2,background_noise,train,16000,1,1.0,16000,2992000,3008000
background_noise_00528.wav,dataset/raw/background_noise/background_noise_raw.wav,background_block188,2,background_noise,train,16000,1,1.0,16000,3008000,3024000
background_noise_00529.wav,dataset/raw/background_noise/background_noise_raw.wav,background_block189,2,background_noise,validation,16000,1,1.0,16000,3024000,3040000
background_noise_00530.wav,dataset/raw/background_noise/background_noise_raw.wav,background_block190,2,background_noise,validation,16000,1,1.0,16000,3040000,3056000
background_noise_00531.wav,dataset/raw/background_noise/shrini_background_noise_raw.wav,shrini_block000,2,background_noise,train,16000,1,1.0,16000,0,16000
background_noise_00532.wav,dataset/raw/background_noise/shrini_background_noise_raw.wav,shrini_block001,2,background_noise,train,16000,1,1.0,16000,16000,32000
background_noise_00533.wav,dataset/raw/background_noise/shrini_background_noise_raw.wav,shrini_block002,2,background_noise,test,16000,1,1.0,16000,32000,48000
background_noise_00534.wav,dataset/raw/background_noise/shrini_background_noise_raw.wav,shrini_block003,2,background_noise,train,16000,1,1.0,16000,48000,64000
background_noise_00535.wav,dataset/raw/background_noise/shrini_background_noise_raw.wav,shrini_block004,2,background_noise,train,16000,1,1.0,16000,64000,80000
background_noise_00536.wav,dataset/raw/background_noise/shrini_background_noise_raw.wav,shrini_block005,2,background_noise,train,16000,1,1.0,16000,80000,96000
background_noise_00537.wav,dataset/raw/background_noise/shrini_background_noise_raw.wav,shrini_block006,2,background_noise,train,16000,1,1.0,16000,96000,112000
background_noise_00538.wav,dataset/raw/background_noise/shrini_background_noise_raw.wav,shrini_block007,2,background_noise,validation,16000,1,1.0,16000,112000,128000
background_noise_00539.wav,dataset/raw/background_noise/shrini_background_noise_raw.wav,shrini_block008,2,background_noise,validation,16000,1,1.0,16000,128000,144000
background_noise_00540.wav,dataset/raw/background_noise/shrini_background_noise_raw.wav,shrini_block009,2,background_noise,train,16000,1,1.0,16000,144000,160000
background_noise_00541.wav,dataset/raw/background_noise/shrini_background_noise_raw.wav,shrini_block010,2,background_noise,train,16000,1,1.0,16000,160000,176000
background_noise_00542.wav,dataset/raw/background_noise/shrini_background_noise_raw.wav,shrini_block011,2,background_noise,train,16000,1,1.0,16000,176000,192000
background_noise_00543.wav,dataset/raw/background_noise/shrini_background_noise_raw.wav,shrini_block012,2,background_noise,validation,16000,1,1.0,16000,192000,208000
background_noise_00544.wav,dataset/raw/background_noise/shrini_background_noise_raw.wav,shrini_block013,2,background_noise,train,16000,1,1.0,16000,208000,224000
background_noise_00545.wav,dataset/raw/background_noise/shrini_background_noise_raw.wav,shrini_block014,2,background_noise,train,16000,1,1.0,16000,224000,240000
background_noise_00546.wav,dataset/raw/background_noise/shrini_background_noise_raw.wav,shrini_block015,2,background_noise,train,16000,1,1.0,16000,240000,256000
background_noise_00547.wav,dataset/raw/background_noise/shrini_background_noise_raw.wav,shrini_block016,2,background_noise,train,16000,1,1.0,16000,256000,272000
background_noise_00548.wav,dataset/raw/background_noise/shrini_background_noise_raw.wav,shrini_block017,2,background_noise,train,16000,1,1.0,16000,272000,288000
background_noise_00549.wav,dataset/raw/background_noise/shrini_background_noise_raw.wav,shrini_block018,2,background_noise,validation,16000,1,1.0,16000,288000,304000
background_noise_00550.wav,dataset/raw/background_noise/shrini_background_noise_raw.wav,shrini_block019,2,background_noise,train,16000,1,1.0,16000,304000,320000
background_noise_00551.wav,dataset/raw/background_noise/shrini_background_noise_raw.wav,shrini_block020,2,background_noise,train,16000,1,1.0,16000,320000,336000
background_noise_00552.wav,dataset/raw/background_noise/shrini_background_noise_raw.wav,shrini_block021,2,background_noise,train,16000,1,1.0,16000,336000,352000
background_noise_00553.wav,dataset/raw/background_noise/shrini_background_noise_raw.wav,shrini_block022,2,background_noise,train,16000,1,1.0,16000,352000,368000
background_noise_00554.wav,dataset/raw/background_noise/shrini_background_noise_raw.wav,shrini_block023,2,background_noise,train,16000,1,1.0,16000,368000,384000
background_noise_00555.wav,dataset/raw/background_noise/shrini_background_noise_raw.wav,shrini_block024,2,background_noise,train,16000,1,1.0,16000,384000,400000
background_noise_00556.wav,dataset/raw/background_noise/shrini_background_noise_raw.wav,shrini_block025,2,background_noise,validation,16000,1,1.0,16000,400000,416000
background_noise_00557.wav,dataset/raw/background_noise/shrini_background_noise_raw.wav,shrini_block026,2,background_noise,test,16000,1,1.0,16000,416000,432000
background_noise_00558.wav,dataset/raw/background_noise/shrini_background_noise_raw.wav,shrini_block027,2,background_noise,train,16000,1,1.0,16000,432000,448000
background_noise_00559.wav,dataset/raw/background_noise/shrini_background_noise_raw.wav,shrini_block028,2,background_noise,validation,16000,1,1.0,16000,448000,464000
background_noise_00560.wav,dataset/raw/background_noise/shrini_background_noise_raw.wav,shrini_block029,2,background_noise,test,16000,1,1.0,16000,464000,480000
background_noise_00561.wav,dataset/raw/background_noise/shrini_background_noise_raw.wav,shrini_block030,2,background_noise,train,16000,1,1.0,16000,480000,496000
background_noise_00562.wav,dataset/raw/background_noise/shrini_background_noise_raw.wav,shrini_block031,2,background_noise,test,16000,1,1.0,16000,496000,512000
background_noise_00563.wav,dataset/raw/background_noise/shrini_background_noise_raw.wav,shrini_block032,2,background_noise,validation,16000,1,1.0,16000,512000,528000
background_noise_00564.wav,dataset/raw/background_noise/shrini_background_noise_raw.wav,shrini_block033,2,background_noise,train,16000,1,1.0,16000,528000,544000
background_noise_00565.wav,dataset/raw/background_noise/shrini_background_noise_raw.wav,shrini_block034,2,background_noise,train,16000,1,1.0,16000,544000,560000
background_noise_00566.wav,dataset/raw/background_noise/shrini_background_noise_raw.wav,shrini_block035,2,background_noise,train,16000,1,1.0,16000,560000,576000
background_noise_00567.wav,dataset/raw/background_noise/shrini_background_noise_raw.wav,shrini_block036,2,background_noise,train,16000,1,1.0,16000,576000,592000
background_noise_00568.wav,dataset/raw/background_noise/shrini_background_noise_raw.wav,shrini_block037,2,background_noise,train,16000,1,1.0,16000,592000,608000
background_noise_00569.wav,dataset/raw/background_noise/shrini_background_noise_raw.wav,shrini_block038,2,background_noise,train,16000,1,1.0,16000,608000,624000
background_noise_00570.wav,dataset/raw/background_noise/shrini_background_noise_raw.wav,shrini_block039,2,background_noise,train,16000,1,1.0,16000,624000,640000
background_noise_00571.wav,dataset/raw/background_noise/shrini_background_noise_raw.wav,shrini_block040,2,background_noise,train,16000,1,1.0,16000,640000,656000
background_noise_00572.wav,dataset/raw/background_noise/shrini_background_noise_raw.wav,shrini_block041,2,background_noise,train,16000,1,1.0,16000,656000,672000
background_noise_00573.wav,dataset/raw/background_noise/shrini_background_noise_raw.wav,shrini_block042,2,background_noise,test,16000,1,1.0,16000,672000,688000
background_noise_00574.wav,dataset/raw/background_noise/shrini_background_noise_raw.wav,shrini_block043,2,background_noise,train,16000,1,1.0,16000,688000,704000
background_noise_00575.wav,dataset/raw/background_noise/shrini_background_noise_raw.wav,shrini_block044,2,background_noise,train,16000,1,1.0,16000,704000,720000
background_noise_00576.wav,dataset/raw/background_noise/shrini_background_noise_raw.wav,shrini_block045,2,background_noise,train,16000,1,1.0,16000,720000,736000
background_noise_00577.wav,dataset/raw/background_noise/shrini_background_noise_raw.wav,shrini_block046,2,background_noise,train,16000,1,1.0,16000,736000,752000
background_noise_00578.wav,dataset/raw/background_noise/shrini_background_noise_raw.wav,shrini_block047,2,background_noise,train,16000,1,1.0,16000,752000,768000
background_noise_00579.wav,dataset/raw/background_noise/shrini_background_noise_raw.wav,shrini_block048,2,background_noise,validation,16000,1,1.0,16000,768000,784000
background_noise_00580.wav,dataset/raw/background_noise/shrini_background_noise_raw.wav,shrini_block049,2,background_noise,train,16000,1,1.0,16000,784000,800000
background_noise_00581.wav,dataset/raw/background_noise/shrini_background_noise_raw.wav,shrini_block050,2,background_noise,validation,16000,1,1.0,16000,800000,816000
background_noise_00582.wav,dataset/raw/background_noise/shrini_background_noise_raw.wav,shrini_block051,2,background_noise,train,16000,1,1.0,16000,816000,832000
background_noise_00583.wav,dataset/raw/background_noise/shrini_background_noise_raw.wav,shrini_block052,2,background_noise,train,16000,1,1.0,16000,832000,848000
background_noise_00584.wav,dataset/raw/background_noise/shrini_background_noise_raw.wav,shrini_block053,2,background_noise,train,16000,1,1.0,16000,848000,864000
background_noise_00585.wav,dataset/raw/background_noise/shrini_background_noise_raw.wav,shrini_block054,2,background_noise,test,16000,1,1.0,16000,864000,880000
background_noise_00586.wav,dataset/raw/background_noise/shrini_background_noise_raw.wav,shrini_block055,2,background_noise,train,16000,1,1.0,16000,880000,896000
background_noise_00587.wav,dataset/raw/background_noise/shrini_background_noise_raw.wav,shrini_block056,2,background_noise,validation,16000,1,1.0,16000,896000,912000
background_noise_00588.wav,dataset/raw/background_noise/shrini_background_noise_raw.wav,shrini_block057,2,background_noise,validation,16000,1,1.0,16000,912000,928000
background_noise_00589.wav,dataset/raw/background_noise/shrini_background_noise_raw.wav,shrini_block058,2,background_noise,train,16000,1,1.0,16000,928000,944000
background_noise_00590.wav,dataset/raw/background_noise/shrini_background_noise_raw.wav,shrini_block059,2,background_noise,test,16000,1,1.0,16000,944000,960000
